{"cameraMode":{"drawMode":0,"name":"Shaded","section":"Shading Mode"},"sceneLighting":true,"audioPlay":false,"sceneViewState":{"showFog":true,"showMaterialUpdate":false,"showSkybox":true,"showFlares":true,"showImageEffects":true,"showParticleSystems":true},"in2DMode":false,"pivot":{"x":-23.350622177124025,"y":3.3745195865631105,"z":-0.5741863250732422},"rotation":{"x":-0.0002252922859042883,"y":0.7376129031181336,"z":-0.00021340725652407855,"w":-0.675311267375946},"size":7.995664119720459,"orthographic":false}